email, senha
0.11276375295889032@mail.com,user123 
0.10524632293016416@mail.com,user123 
0.6505772526067547@mail.com,user123  
0.9941143320533458@mail.com,user123   
0.8533871903927948@mail.com,user123  
0.12229221853535474@mail.com,user123  
0.25017190351269836@mail.com,user123  
0.24492415564475417@mail.com,user123   
0.6217307787901899@mail.com,user123    
0.6426387288382737@mail.com,user123   